,key_0,event,type,severity,affected_zips,displaced,damage,affected_zips_count,total_population,total_med_income,total_PAYANN,total_ESTAB,earthquake,hurricane,tornado,wildfire
0,0,Anchorage Earthquake,earthquake,3.5,"[99556, 99568, 99610, 99572, 99603, 99605, 99669, 99611, 99631, 99639, 99663, 99664, 99672, 99682, 99501, 99502, 99503, 99504, 99507, 99508, 99509, 99510, 99511, 99513, 99514, 99515, 99516, 99517, 99518, 99519, 99520, 99521, 99522, 99523, 99524, 99529, 99530, 99599, 99695, 99645, 99652, 99654, 99667, 99674, 99676, 99683, 99687, 99688, 99694, 99574]",317,76000000.0,50,408398,2436379,9871745,12268,1,0,0,0
1,1,Kilauea Quake + Volcano,earthquake,3.4,"[96778, 96754, 96785, 96722]",2800,800000000.0,4,23772,220559,150118,372,1,0,0,0
2,2,New Orleans Tornado,tornado,3.0,"[70112, 70113, 70114, 70115, 70116, 70117, 70118, 70119, 70121, 70122, 70123, 70124, 70125, 70126, 70127, 70128, 70129, 70130, 70131, 70139, 70145, 70146, 70163, 70170]",419,2700000.0,24,427938,899921,10146427,10969,0,0,1,0
3,3,Wisconsin Flood,flood,2.0,"[54612, 54610, 54622, 54629, 54755, 54756, 54626, 54628, 54631, 54645, 53821, 54654, 54655, 54657, 53826, 53825, 53827, 53518, 53543, 53554, 53802, 53801, 53569, 53804, 53806, 53573, 53805, 53808, 53807, 53810, 53809, 53812, 53811, 53816, 53813, 53818, 53817, 53821, 53820, 53502, 53521]",200,10000000.0,41,107022,1924147,1302086,2437,0,0,0,0
4,4,California Earthquake,earthquake,3.5,"[93215, 93220, 93222, 93461, 93224, 93226, 93225, 93502, 93501, 93505, 93504, 93238, 93241, 93240, 93518, 93519, 93524, 93523, 93527, 93250, 93249, 93252, 93251, 93531, 93255, 93263, 93268, 93276, 93554, 93556, 93561, 93560, 93280, 93285, 93283, 93287, 93581, 93301, 93303, 93305, 93304, 93307, 93306, 93309, 93308, 93312, 93311, 93314, 93313, 93380, 93383, 93387, 93389, 93388, 93390, 93203, 93205, 93206]",100,200000000.0,58,847018,2032645,8020244,12275,1,0,0,0
5,5,Georgia Tornado,tornado,3.0,"[31620, 31627, 31637, 31647, 31625, 31629, 31638, 31643, 31622, 31639, 31645, 31720, 31749, 31701, 31702, 31703, 31704, 31705, 31706, 31707, 31708, 31721, 31782]",2860,1300000000.0,23,147194,578867,1422120,2930,0,0,1,0
6,6,Washington Tornado,tornado,2.0,"[98322, 98392, 98337, 98340, 98342, 98345, 98346, 98353, 98359, 98364, 98366, 98367, 98370, 98110, 98380, 98384, 98310, 98383, 98312, 98311, 98315, 98314]",125,1800000.0,22,262475,1487742,2418143,5893,0,0,1,0
7,7,HURRICANE BRET,hurricane,4.0,"[76501, 76502, 76504, 76508, 76511, 76513, 76518, 76519, 76520, 76522, 76523, 76524, 76527, 76528, 76530, 76534, 76537, 76539, 76541, 76542, 76543, 76544, 76548, 76549, 76554, 76556, 76557, 76559, 76561, 76567, 76569, 76570, 76571, 76573, 76574, 76577, 76578, 76579, 76596, 76597, 76598, 76599, 76629, 76630, 76632, 76633, 76638, 76643, 76655, 76656, 76657, 76661, 76680, 76685, 76689, 76701, 76704, 76706, 76707, 76708, 76710, 76711, 76712, 76798, 77002, 77003, 77004, 77005, 77006, 77007, 77008, 77009, 77010, 77011, 77012, 77014, 77017, 77018, 77019, 77020, 77021, 77022, 77023, 77024, 77025, 77026, 77027, 77029, 77030, 77031, 77033, 77034, 77035, 77036, 77037, 77038, 77040, 77041, 77042, 77043, 77045, 77046, 77047, 77048, 77051, 77053, 77054, 77055, 77056, 77057, 77058, 77059, 77061, 77062, 77063, 77064, 77065, 77066, 77067, 77068, 77069, 77070, 77071, 77072, 77074, 77075, 77076, 77077, 77079, 77080, 77081, 77082, 77083, 77084, 77085, 77086, 77087, 77088, 77089, 77091, 77092, 77094, 77095, 77096, 77098, 77099, 77201, 77355, 77362, 77363, 77375, 77377, 77379, 77401, 77406, 77407, 77412, 77414, 77415, 77417, 77418, 77419, 77420, 77422, 77423, 77426, 77428, 77429, 77430, 77432, 77433, 77434, 77435, 77436, 77437, 77440, 77441, 77442, 77443, 77444, 77445, 77446, 77447, 77448, 77449, 77450, 77451, 77453, 77454, 77455, 77456, 77457, 77458, 77459, 77460, 77461, 77464, 77465, 77466, 77467, 77468, 77469, 77470, 77471, 77473, 77474, 77475, 77476, 77477, 77478, 77479, 77480, 77481, 77482, 77483, 77484, 77485, 77486, 77488, 77489, 77493, 77494, 77498, 77502, 77504, 77505, 77506, 77510, 77511, 77515, 77517, 77531, 77534, 77539, 77541, 77545, 77546, 77547, 77551, 77554, 77563, 77565, 77566, 77568, 77573, 77577, 77578, 77581, 77583, 77584, 77587, 77590, 77591, 77598, 77801, 77802, 77803, 77807, 77808, 77830, 77833, 77835, 77836, 77837, 77840, 77845, 77853, 77857, 77859, 77867, 77868, 77878, 77879, 77880, 77901, 77904, 77905, 77950, 77951, 77954, 77957, 77960, 77961, 77962, 77963, 77964, 77968, 77969, 77970, 77971, 77973, 77974, 77975, 77976, 77977, 77978, 77979, 77982, 77983, 77984, 77987, 77988, 77990, 77991, 77993, 77994, 77995, 78001, 78002, 78003, 78004, 78005, 78006, 78007, 78008, 78009, 78010, 78011, 78012, 78013, 78014, 78015, 78016, 78017, 78019, 78021, 78022, 78023, 78026, 78027, 78028, 78039, 78040, 78041, 78043, 78044, 78045, 78046, 78050, 78052, 78055, 78056, 78057, 78059, 78060, 78061, 78063, 78064, 78065, 78066, 78067, 78069, 78070, 78071, 78072, 78073, 78075, 78076, 78101, 78102, 78104, 78107, 78108, 78109, 78112, 78113, 78114, 78116, 78117, 78118, 78119, 78121, 78122, 78123, 78124, 78125, 78130, 78132, 78133, 78140, 78141, 78142, 78143, 78144, 78145, 78146, 78147, 78148, 78150, 78151, 78152, 78154, 78155, 78159, 78160, 78161, 78162, 78163, 78164, 78201, 78202, 78203, 78204, 78205, 78207, 78208, 78209, 78210, 78211, 78212, 78213, 78214, 78215, 78216, 78217, 78218, 78219, 78220, 78221, 78222, 78223, 78224, 78225, 78226, 78227, 78228, 78229, 78230, 78231, 78232, 78233, 78234, 78235, 78236, 78237, 78238, 78239, 78240, 78242, 78243, 78244, 78245, 78247, 78248, 78249, 78250, 78251, 78252, 78253, 78254, 78255, 78256, 78257, 78258, 78259, 78260, 78261, 78263, 78264, 78266, 78330, 78332, 78335, 78336, 78338, 78339, 78340, 78341, 78342, 78343, 78344, 78349, 78351, 78352, 78353, 78355, 78357, 78358, 78359, 78361, 78362, 78363, 78368, 78369, 78370, 78371, 78372, 78373, 78374, 78375, 78376, 78377, 78379, 78380, 78382, 78383, 78384, 78385, 78387, 78389, 78390, 78391, 78393, 78401, 78402, 78404, 78405, 78406, 78407, 78408, 78409, 78410, 78411, 78412, 78413, 78414, 78415, 78416, 78417, 78418, 78419, 78501, 78503, 78504, 78516, 78520, 78521, 78526, 78535, 78536, 78537, 78538, 78539, 78541, 78542, 78543, 78545, 78548, 78549, 78550, 78552, 78557, 78558, 78559, 78560, 78561, 78562, 78563, 78564, 78565, 78566, 78567, 78569, 78570, 78572, 78573, 78574, 78575, 78576, 78577, 78578, 78579, 78580, 78582, 78583, 78584, 78585, 78586, 78588, 78589, 78590, 78591, 78592, 78593, 78594, 78595, 78596, 78597, 78598, 78602, 78605, 78606, 78608, 78609, 78610, 78611, 78612, 78613, 78614, 78615, 78616, 78617, 78619, 78620, 78621, 78622, 78623, 78624, 78626, 78628, 78629, 78632, 78633, 78634, 78635, 78636, 78638, 78639, 78640, 78641, 78642, 78644, 78645, 78648, 78650, 78652, 78653, 78654, 78655, 78656, 78657, 78659, 78660, 78661, 78662, 78663, 78664, 78665, 78666, 78669, 78670, 78671, 78675, 78676, 78677, 78681, 78701, 78702, 78703, 78704, 78705, 78712, 78717, 78719, 78721, 78722, 78723, 78724, 78725, 78726, 78727, 78728, 78729, 78730, 78731, 78732, 78733, 78734, 78735, 78736, 78737, 78738, 78739, 78741, 78742, 78744, 78745, 78746, 78747, 78748, 78749, 78750, 78751, 78752, 78753, 78754, 78756, 78757, 78758, 78759, 78801, 78802, 78827, 78829, 78830, 78834, 78836, 78838, 78839, 78850, 78852, 78860, 78861, 78870, 78872, 78881, 78883, 78884, 78886, 78931, 78932, 78933, 78934, 78935, 78938, 78940, 78941, 78942, 78943, 78944, 78945, 78946, 78947, 78948, 78949, 78950, 78951, 78953, 78954, 78956, 78957, 78959, 78962, 78963]",180000,15000000.0,724,13298407,39534134,240318625,276051,0,1,0,0
8,8,HURRICANE IRMA,hurricane,5.0,"[32114, 32117, 32118, 32119, 32124, 32127, 32128, 32129, 32130, 32132, 32136, 32141, 32168, 32169, 32174, 32176, 32701, 32703, 32707, 32708, 32709, 32712, 32713, 32714, 32720, 32724, 32725, 32726, 32730, 32732, 32735, 32736, 32738, 32744, 32746, 32750, 32751, 32754, 32757, 32759, 32763, 32764, 32765, 32766, 32767, 32771, 32773, 32776, 32778, 32779, 32780, 32789, 32792, 32796, 32798, 32801, 32803, 32804, 32805, 32806, 32807, 32808, 32809, 32810, 32811, 32812, 32814, 32817, 32818, 32819, 32820, 32821, 32822, 32824, 32825, 32826, 32827, 32828, 32829, 32830, 32831, 32832, 32833, 32835, 32836, 32837, 32839, 32901, 32903, 32904, 32905, 32907, 32908, 32909, 32920, 32922, 32925, 32926, 32927, 32931, 32934, 32935, 32937, 32940, 32948, 32949, 32950, 32951, 32952, 32953, 32955, 32958, 32960, 32962, 32963, 32966, 32967, 32968, 32970, 32976, 33001, 33004, 33009, 33010, 33012, 33013, 33014, 33015, 33016, 33018, 33019, 33020, 33021, 33023, 33024, 33025, 33026, 33027, 33028, 33029, 33030, 33031, 33032, 33033, 33034, 33035, 33036, 33037, 33039, 33040, 33042, 33043, 33050, 33051, 33054, 33055, 33056, 33060, 33062, 33063, 33064, 33065, 33066, 33067, 33068, 33069, 33070, 33071, 33073, 33076, 33101, 33109, 33122, 33125, 33126, 33127, 33128, 33129, 33130, 33131, 33132, 33133, 33134, 33135, 33136, 33137, 33138, 33139, 33140, 33141, 33142, 33143, 33144, 33145, 33146, 33147, 33149, 33150, 33154, 33155, 33156, 33157, 33158, 33160, 33161, 33162, 33165, 33166, 33167, 33168, 33169, 33170, 33172, 33173, 33174, 33175, 33176, 33177, 33178, 33179, 33180, 33181, 33182, 33183, 33184, 33185, 33186, 33187, 33189, 33190, 33193, 33194, 33196, 33301, 33304, 33305, 33306, 33308, 33309, 33311, 33312, 33313, 33314, 33315, 33316, 33317, 33319, 33321, 33322, 33323, 33324, 33325, 33326, 33327, 33328, 33330, 33331, 33332, 33334, 33351, 33401, 33403, 33404, 33405, 33406, 33407, 33408, 33409, 33410, 33411, 33412, 33413, 33414, 33415, 33417, 33418, 33426, 33428, 33430, 33431, 33432, 33433, 33434, 33435, 33436, 33437, 33438, 33440, 33441, 33442, 33444, 33445, 33446, 33449, 33455, 33458, 33460, 33461, 33462, 33463, 33467, 33469, 33470, 33471, 33472, 33473, 33476, 33477, 33478, 33480, 33483, 33484, 33486, 33487, 33493, 33496, 33498, 33503, 33510, 33511, 33525, 33527, 33534, 33540, 33541, 33542, 33543, 33544, 33545, 33547, 33548, 33549, 33559, 33563, 33565, 33566, 33567, 33569, 33570, 33572, 33573, 33578, 33579, 33584, 33592, 33594, 33596, 33597, 33598, 33602, 33603, 33604, 33605, 33606, 33607, 33609, 33610, 33611, 33612, 33613, 33614, 33615, 33616, 33617, 33618, 33619, 33620, 33621, 33624, 33625, 33629, 33634, 33637, 33647, 33701, 33702, 33703, 33704, 33705, 33706, 33707, 33708, 33709, 33710, 33711, 33712, 33713, 33714, 33715, 33716, 33744, 33760, 33762, 33777, 33781, 33782, 33801, 33803, 33805, 33809, 33810, 33811, 33812, 33813, 33815, 33823, 33825, 33827, 33830, 33834, 33837, 33838, 33839, 33841, 33843, 33844, 33847, 33848, 33849, 33850, 33851, 33852, 33853, 33854, 33855, 33856, 33857, 33859, 33860, 33865, 33867, 33868, 33870, 33872, 33873, 33875, 33876, 33877, 33880, 33881, 33884, 33890, 33896, 33897, 33898, 33901, 33903, 33904, 33905, 33907, 33908, 33909, 33912, 33913, 33914, 33916, 33917, 33919, 33920, 33921, 33922, 33924, 33928, 33930, 33931, 33935, 33936, 33944, 33945, 33946, 33947, 33948, 33950, 33952, 33953, 33954, 33955, 33956, 33957, 33960, 33965, 33966, 33967, 33971, 33972, 33973, 33974, 33976, 33980, 33981, 33982, 33983, 33990, 33991, 33993, 34101, 34102, 34103, 34104, 34105, 34108, 34109, 34110, 34112, 34113, 34114, 34116, 34117, 34119, 34120, 34134, 34135, 34137, 34138, 34139, 34140, 34141, 34142, 34145, 34201, 34202, 34203, 34205, 34207, 34208, 34209, 34210, 34211, 34212, 34215, 34216, 34217, 34219, 34221, 34222, 34223, 34224, 34228, 34229, 34231, 34232, 34233, 34234, 34235, 34236, 34237, 34238, 34239, 34240, 34241, 34242, 34243, 34251, 34266, 34268, 34269, 34275, 34285, 34286, 34287, 34288, 34289, 34291, 34292, 34293, 34705, 34711, 34714, 34715, 34734, 34736, 34737, 34739, 34741, 34743, 34744, 34746, 34747, 34753, 34756, 34758, 34759, 34760, 34761, 34769, 34771, 34772, 34773, 34786, 34787, 34797, 34945, 34946, 34947, 34949, 34950, 34951, 34952, 34953, 34956, 34957, 34972, 34974, 34981, 34982, 34983, 34984, 34986, 34987, 34990, 34994, 34996, 34997]",201689,50000000000.0,613,15093629,33777125,245025313,425359,0,1,0,0
9,9,HURRICANE ANDREW,hurricane,5.0,"[31304, 31305, 31327, 31328, 31331, 31406, 31410, 31411, 31520, 31522, 31523, 31524, 31525, 31527, 31537, 31547, 31548, 31558, 31561, 31562, 31565, 31566, 31568, 31569, 32003, 32008, 32009, 32011, 32024, 32025, 32026, 32033, 32034, 32038, 32040, 32043, 32044, 32046, 32054, 32055, 32058, 32061, 32063, 32065, 32068, 32071, 32072, 32073, 32079, 32080, 32081, 32082, 32083, 32084, 32086, 32087, 32091, 32092, 32094, 32095, 32097, 32102, 32110, 32112, 32113, 32114, 32117, 32118, 32119, 32124, 32127, 32128, 32129, 32130, 32131, 32132, 32133, 32134, 32136, 32137, 32139, 32140, 32141, 32145, 32147, 32148, 32157, 32159, 32162, 32164, 32168, 32169, 32174, 32176, 32177, 32179, 32180, 32181, 32187, 32189, 32190, 32193, 32195, 32202, 32204, 32205, 32206, 32207, 32208, 32209, 32210, 32211, 32212, 32216, 32217, 32218, 32219, 32220, 32221, 32222, 32223, 32224, 32225, 32226, 32227, 32228, 32233, 32234, 32244, 32246, 32250, 32254, 32256, 32257, 32258, 32259, 32266, 32277, 32359, 32601, 32603, 32605, 32606, 32607, 32608, 32609, 32612, 32615, 32616, 32617, 32618, 32619, 32621, 32622, 32625, 32626, 32628, 32631, 32639, 32640, 32641, 32643, 32648, 32653, 32656, 32658, 32664, 32666, 32667, 32668, 32669, 32680, 32681, 32683, 32686, 32692, 32693, 32694, 32696, 32697, 32701, 32702, 32703, 32707, 32708, 32709, 32712, 32713, 32714, 32720, 32724, 32725, 32726, 32730, 32732, 32735, 32736, 32738, 32744, 32746, 32750, 32751, 32754, 32757, 32759, 32763, 32764, 32765, 32766, 32767, 32771, 32773, 32776, 32778, 32779, 32780, 32784, 32789, 32792, 32796, 32798, 32801, 32803, 32804, 32805, 32806, 32807, 32808, 32809, 32810, 32811, 32812, 32814, 32817, 32818, 32819, 32820, 32821, 32822, 32824, 32825, 32826, 32827, 32828, 32829, 32830, 32831, 32832, 32833, 32835, 32836, 32837, 32839, 32901, 32903, 32904, 32905, 32907, 32908, 32909, 32920, 32922, 32925, 32926, 32927, 32931, 32934, 32935, 32937, 32940, 32948, 32949, 32950, 32951, 32952, 32953, 32955, 32958, 32960, 32962, 32963, 32966, 32967, 32968, 32970, 32976, 33001, 33004, 33009, 33010, 33012, 33013, 33014, 33015, 33016, 33018, 33019, 33020, 33021, 33023, 33024, 33025, 33026, 33027, 33028, 33029, 33030, 33031, 33032, 33033, 33034, 33035, 33036, 33037, 33039, 33040, 33042, 33043, 33050, 33051, 33054, 33055, 33056, 33060, 33062, 33063, 33064, 33065, 33066, 33067, 33068, 33069, 33070, 33071, 33073, 33076, 33101, 33109, 33122, 33125, 33126, 33127, 33128, 33129, 33130, 33131, 33132, 33133, 33134, 33135, 33136, 33137, 33138, 33139, 33140, 33141, 33142, 33143, 33144, 33145, 33146, 33147, 33149, 33150, 33154, 33155, 33156, 33157, 33158, 33160, 33161, 33162, 33165, 33166, 33167, 33168, 33169, 33170, 33172, 33173, 33174, 33175, 33176, 33177, 33178, 33179, 33180, 33181, 33182, 33183, 33184, 33185, 33186, 33187, 33189, 33190, 33193, 33194, 33196, 33301, 33304, 33305, 33306, 33308, 33309, 33311, 33312, 33313, 33314, 33315, 33316, 33317, 33319, 33321, 33322, 33323, 33324, 33325, 33326, 33327, 33328, 33330, 33331, 33332, 33334, 33351, 33401, 33403, 33404, 33405, 33406, 33407, 33408, 33409, 33410, 33411, 33412, 33413, 33414, 33415, 33417, 33418, 33426, 33428, 33430, 33431, 33432, 33433, 33434, 33435, 33436, 33437, 33438, 33440, 33441, 33442, 33444, 33445, 33446, 33449, 33455, 33458, 33460, 33461, 33462, 33463, 33467, 33469, 33470, 33471, 33472, 33473, 33476, 33477, 33478, 33480, 33483, 33484, 33486, 33487, 33493, 33496, 33498, 33503, 33510, 33511, 33513, 33514, 33521, 33523, 33525, 33527, 33534, 33538, 33540, 33541, 33542, 33543, 33544, 33545, 33547, 33548, 33549, 33556, 33558, 33559, 33563, 33565, 33566, 33567, 33569, 33570, 33572, 33573, 33576, 33578, 33579, 33584, 33585, 33592, 33594, 33596, 33597, 33598, 33602, 33603, 33604, 33605, 33606, 33607, 33609, 33610, 33611, 33612, 33613, 33614, 33615, 33616, 33617, 33618, 33619, 33620, 33621, 33624, 33625, 33626, 33629, 33634, 33635, 33637, 33647, 33701, 33702, 33703, 33704, 33705, 33706, 33707, 33708, 33709, 33710, 33711, 33712, 33713, 33714, 33715, 33716, 33744, 33755, 33756, 33759, 33760, 33761, 33762, 33763, 33764, 33765, 33767, 33770, 33771, 33772, 33773, 33774, 33776, 33777, 33778, 33781, 33782, 33785, 33786, 33801, 33803, 33805, 33809, 33810, 33811, 33812, 33813, 33815, 33823, 33825, 33827, 33830, 33834, 33837, 33838, 33839, 33841, 33843, 33844, 33847, 33848, 33849, 33850, 33851, 33852, 33853, 33854, 33855, 33856, 33857, 33859, 33860, 33865, 33867, 33868, 33870, 33872, 33873, 33875, 33876, 33877, 33880, 33881, 33884, 33890, 33896, 33897, 33898, 33901, 33903, 33904, 33905, 33907, 33908, 33909, 33912, 33913, 33914, 33916, 33917, 33919, 33920, 33921, 33922, 33924, 33928, 33930, 33931, 33935, 33936, 33944, 33945, 33946, 33947, 33948, 33950, 33952, 33953, 33954, 33955, 33956, 33957, 33960, 33965, 33966, 33967, 33971, 33972, 33973, 33974, 33976, 33980, 33981, 33982, 33983, 33990, 33991, 33993, 34101, 34102, 34103, 34104, 34105, 34108, 34109, 34110, 34112, 34113, 34114, 34116, 34117, 34119, 34120, 34134, 34135, 34137, 34138, 34139, 34140, 34141, 34142, 34145, 34201, 34202, 34203, 34205, 34207, 34208, 34209, 34210, 34211, 34212, 34215, 34216, 34217, 34219, 34221, 34222, 34223, 34224, 34228, 34229, 34231, 34232, 34233, 34234, 34235, 34236, 34237, 34238, 34239, 34240, 34241, 34242, 34243, 34251, 34266, 34268, 34269, 34275, 34285, 34286, 34287, 34288, 34289, 34291, 34292, 34293, 34420, 34428, 34429, 34431, 34432, 34433, 34434, 34436, 34442, 34445, 34446, 34448, 34449, 34450, 34452, 34453, 34461, 34465, 34470, 34471, 34472, 34473, 34474, 34475, 34476, 34479, 34480, 34481, 34482, 34484, 34488, 34491, 34498, 34601, 34602, 34604, 34606, 34607, 34608, 34609, 34610, 34613, 34614, 34637, 34638, 34639, 34652, 34653, 34654, 34655, 34661, 34667, 34668, 34669, 34677, 34679, 34681, 34683, 34684, 34685, 34688, 34689, 34690, 34691, 34695, 34698, 34705, 34711, 34714, 34715, 34731, 34734, 34736, 34737, 34739, 34741, 34743, 34744, 34746, 34747, 34748, 34753, 34756, 34758, 34759, 34760, 34761, 34762, 34769, 34771, 34772, 34773, 34785, 34786, 34787, 34788, 34797, 34945, 34946, 34947, 34949, 34950, 34951, 34952, 34953, 34956, 34957, 34972, 34974, 34981, 34982, 34983, 34984, 34986, 34987, 34990, 34994, 34996, 34997]",250000,27300000000.0,878,19268584,46170588,297235735,522278,0,1,0,0
10,10,HURRICANE LANE,hurricane,5.0,"[96701, 96704, 96706, 96707, 96708, 96710, 96712, 96713, 96717, 96719, 96720, 96725, 96726, 96727, 96728, 96729, 96730, 96731, 96732, 96734, 96737, 96738, 96740, 96742, 96743, 96744, 96748, 96749, 96750, 96753, 96755, 96757, 96759, 96760, 96761, 96762, 96763, 96764, 96768, 96770, 96771, 96772, 96773, 96774, 96776, 96777, 96778, 96779, 96780, 96781, 96782, 96783, 96785, 96786, 96789, 96790, 96791, 96792, 96793, 96795, 96797, 96813, 96814, 96815, 96816, 96817, 96818, 96819, 96821, 96822, 96825, 96826, 96850, 96853, 96857, 96859, 96860, 96863]",1753,42500000.0,78,1350216,4827751,21692619,30148,0,1,0,0
11,11,HURRICANE IKE,hurricane,4.0,"[70342, 70392, 70501, 70503, 70506, 70507, 70508, 70510, 70512, 70513, 70514, 70515, 70516, 70517, 70518, 70519, 70520, 70523, 70524, 70525, 70526, 70528, 70529, 70531, 70532, 70533, 70534, 70535, 70537, 70538, 70541, 70542, 70543, 70544, 70546, 70548, 70549, 70550, 70552, 70554, 70555, 70556, 70558, 70559, 70560, 70563, 70570, 70575, 70576, 70578, 70580, 70581, 70582, 70583, 70584, 70585, 70586, 70591, 70592, 70601, 70605, 70607, 70611, 70615, 70630, 70631, 70632, 70633, 70634, 70637, 70638, 70639, 70640, 70643, 70644, 70645, 70646, 70647, 70648, 70650, 70651, 70652, 70653, 70654, 70655, 70656, 70657, 70658, 70659, 70660, 70661, 70662, 70663, 70665, 70668, 70669, 71007, 71030, 71032, 71033, 71046, 71047, 71049, 71052, 71063, 71065, 71078, 71129, 71403, 71406, 71419, 71424, 71426, 71427, 71429, 71433, 71438, 71439, 71446, 71449, 71450, 71455, 71459, 71461, 71462, 71463, 71466, 71468, 71469, 71472, 71474, 71486, 75571, 75601, 75602, 75603, 75604, 75605, 75630, 75631, 75633, 75638, 75639, 75640, 75641, 75642, 75643, 75644, 75645, 75647, 75650, 75651, 75652, 75654, 75656, 75657, 75661, 75662, 75667, 75668, 75669, 75670, 75672, 75681, 75682, 75683, 75684, 75686, 75691, 75692, 75693, 75701, 75702, 75703, 75704, 75705, 75706, 75707, 75708, 75709, 75750, 75751, 75752, 75755, 75756, 75757, 75758, 75759, 75760, 75762, 75763, 75764, 75765, 75766, 75770, 75771, 75778, 75779, 75780, 75784, 75785, 75788, 75789, 75791, 75792, 75801, 75803, 75831, 75832, 75833, 75835, 75838, 75839, 75840, 75844, 75845, 75846, 75847, 75849, 75850, 75851, 75852, 75853, 75855, 75856, 75858, 75860, 75861, 75862, 75901, 75904, 75925, 75926, 75928, 75929, 75930, 75931, 75932, 75933, 75934, 75935, 75936, 75937, 75938, 75939, 75941, 75942, 75943, 75944, 75946, 75948, 75949, 75951, 75954, 75956, 75959, 75960, 75961, 75962, 75964, 75965, 75966, 75968, 75969, 75972, 75973, 75974, 75975, 75976, 75977, 75978, 75979, 75980, 76518, 76519, 76520, 76523, 76556, 76567, 76570, 76574, 76577, 76578, 76629, 76642, 76653, 76680, 76687, 77002, 77003, 77004, 77005, 77006, 77007, 77008, 77009, 77010, 77011, 77012, 77013, 77014, 77015, 77016, 77017, 77018, 77019, 77020, 77021, 77022, 77023, 77024, 77025, 77026, 77027, 77028, 77029, 77030, 77031, 77032, 77033, 77034, 77035, 77036, 77037, 77038, 77039, 77040, 77041, 77042, 77043, 77044, 77045, 77046, 77047, 77048, 77049, 77050, 77051, 77053, 77054, 77055, 77056, 77057, 77058, 77059, 77060, 77061, 77062, 77063, 77064, 77065, 77066, 77067, 77068, 77069, 77070, 77071, 77072, 77073, 77074, 77075, 77076, 77077, 77078, 77079, 77080, 77081, 77082, 77083, 77084, 77085, 77086, 77087, 77088, 77089, 77090, 77091, 77092, 77093, 77094, 77095, 77096, 77098, 77099, 77201, 77301, 77302, 77303, 77304, 77306, 77316, 77318, 77320, 77326, 77327, 77328, 77331, 77334, 77335, 77336, 77338, 77339, 77340, 77342, 77345, 77346, 77350, 77351, 77354, 77355, 77356, 77357, 77358, 77359, 77360, 77362, 77363, 77364, 77365, 77367, 77368, 77369, 77371, 77372, 77373, 77374, 77375, 77376, 77377, 77378, 77379, 77380, 77381, 77382, 77384, 77385, 77386, 77388, 77389, 77396, 77401, 77406, 77407, 77412, 77414, 77415, 77417, 77418, 77419, 77420, 77422, 77423, 77426, 77428, 77429, 77430, 77432, 77433, 77434, 77435, 77436, 77437, 77440, 77441, 77442, 77443, 77444, 77445, 77446, 77447, 77448, 77449, 77450, 77451, 77453, 77454, 77455, 77456, 77457, 77458, 77459, 77460, 77461, 77464, 77465, 77466, 77467, 77468, 77469, 77470, 77471, 77473, 77474, 77475, 77476, 77477, 77478, 77479, 77480, 77481, 77482, 77483, 77484, 77485, 77486, 77488, 77489, 77493, 77494, 77498, 77502, 77503, 77504, 77505, 77506, 77507, 77510, 77511, 77514, 77515, 77517, 77518, 77519, 77520, 77521, 77523, 77530, 77531, 77532, 77533, 77534, 77535, 77536, 77538, 77539, 77541, 77545, 77546, 77547, 77550, 77551, 77554, 77560, 77561, 77562, 77563, 77564, 77565, 77566, 77568, 77571, 77573, 77575, 77577, 77578, 77580, 77581, 77583, 77584, 77585, 77586, 77587, 77590, 77591, 77597, 77598, 77611, 77612, 77613, 77614, 77615, 77616, 77617, 77619, 77622, 77623, 77624, 77625, 77627, 77629, 77630, 77632, 77640, 77642, 77650, 77651, 77655, 77656, 77657, 77659, 77660, 77661, 77662, 77663, 77664, 77665, 77701, 77702, 77703, 77705, 77706, 77707, 77708, 77713, 77801, 77802, 77803, 77807, 77808, 77830, 77831, 77833, 77835, 77836, 77837, 77840, 77845, 77853, 77855, 77856, 77857, 77859, 77861, 77864, 77865, 77867, 77868, 77871, 77872, 77873, 77876, 77878, 77879, 77880, 77901, 77904, 77905, 77950, 77951, 77954, 77957, 77960, 77961, 77962, 77963, 77964, 77968, 77969, 77970, 77971, 77973, 77974, 77975, 77976, 77977, 77978, 77979, 77982, 77983, 77984, 77987, 77988, 77990, 77991, 77993, 77994, 77995, 78002, 78050, 78073, 78101, 78102, 78104, 78107, 78108, 78109, 78112, 78113, 78114, 78116, 78117, 78118, 78119, 78121, 78122, 78123, 78124, 78125, 78130, 78132, 78140, 78141, 78142, 78143, 78144, 78145, 78146, 78147, 78148, 78150, 78151, 78152, 78154, 78155, 78159, 78160, 78161, 78162, 78164, 78201, 78202, 78203, 78204, 78205, 78207, 78208, 78209, 78210, 78211, 78212, 78213, 78214, 78215, 78216, 78217, 78218, 78219, 78220, 78221, 78222, 78223, 78224, 78225, 78226, 78227, 78228, 78229, 78232, 78233, 78234, 78235, 78236, 78237, 78239, 78242, 78243, 78244, 78247, 78252, 78259, 78263, 78264, 78266, 78335, 78336, 78340, 78358, 78359, 78362, 78373, 78377, 78382, 78387, 78389, 78390, 78393, 78602, 78610, 78612, 78614, 78615, 78616, 78617, 78621, 78622, 78629, 78632, 78638, 78640, 78644, 78648, 78650, 78652, 78653, 78655, 78656, 78659, 78660, 78661, 78662, 78666, 78670, 78677, 78701, 78702, 78703, 78704, 78705, 78712, 78719, 78721, 78722, 78723, 78724, 78725, 78739, 78741, 78742, 78744, 78745, 78747, 78748, 78749, 78751, 78752, 78753, 78754, 78756, 78757, 78931, 78932, 78933, 78934, 78935, 78938, 78940, 78941, 78942, 78943, 78944, 78945, 78946, 78947, 78948, 78949, 78950, 78951, 78953, 78954, 78956, 78957, 78959, 78962, 78963]",35200,38000000000.0,844,12942341,43286665,242457505,269460,0,1,0,0
12,12,HURRICANE MARIA,hurricane,5.0,"[601, 602, 603, 606, 610, 612, 616, 617, 622, 623, 624, 627, 631, 637, 638, 641, 646, 647, 650, 652, 653, 656, 659, 660, 662, 664, 667, 669, 670, 674, 676, 677, 678, 680, 682, 683, 685, 687, 688, 690, 692, 693, 694, 698, 703, 704, 705, 707, 714, 715, 716, 717, 718, 719, 720, 723, 725, 727, 728, 729, 730, 731, 735, 736, 738, 739, 740, 741, 745, 751, 754, 757, 765, 766, 767, 769, 771, 772, 773, 775, 777, 778, 780, 782, 783, 784, 786, 791, 794, 795, 901, 906, 907, 909, 911, 912, 913, 915, 917, 918, 920, 921, 923, 924, 925, 926, 927, 934, 936, 949, 950, 951, 952, 953, 956, 957, 959, 960, 961, 962, 965, 966, 968, 969, 971, 976, 979, 982, 983, 985, 987]",130000,95000000000.0,131,0,0,0,0,0,1,0,0
13,13,HURRICANE MICHAEL,hurricane,5.0,"[30008, 30030, 30032, 30034, 30060, 30064, 30067, 30080, 30082, 30101, 30102, 30103, 30104, 30105, 30106, 30108, 30110, 30113, 30116, 30117, 30118, 30120, 30121, 30122, 30124, 30125, 30126, 30127, 30132, 30134, 30135, 30137, 30141, 30144, 30145, 30147, 30149, 30152, 30153, 30157, 30161, 30165, 30168, 30170, 30173, 30176, 30178, 30179, 30180, 30182, 30185, 30187, 30204, 30205, 30206, 30213, 30214, 30215, 30216, 30217, 30218, 30220, 30222, 30223, 30224, 30228, 30230, 30233, 30234, 30236, 30238, 30240, 30241, 30248, 30250, 30251, 30252, 30253, 30256, 30257, 30258, 30259, 30260, 30263, 30265, 30268, 30269, 30273, 30274, 30275, 30276, 30277, 30281, 30284, 30285, 30286, 30288, 30289, 30290, 30291, 30292, 30293, 30294, 30295, 30296, 30297, 30303, 30305, 30306, 30307, 30308, 30309, 30310, 30311, 30312, 30313, 30314, 30315, 30316, 30317, 30318, 30322, 30324, 30326, 30327, 30331, 30332, 30334, 30336, 30337, 30339, 30344, 30349, 30354, 30363, 30411, 30707, 30728, 30730, 30731, 30733, 30738, 30747, 30752, 30753, 31001, 31003, 31005, 31006, 31007, 31008, 31009, 31011, 31012, 31014, 31015, 31016, 31017, 31019, 31020, 31022, 31023, 31025, 31028, 31029, 31030, 31032, 31036, 31037, 31039, 31041, 31044, 31046, 31047, 31050, 31051, 31052, 31055, 31057, 31058, 31060, 31063, 31065, 31066, 31068, 31069, 31070, 31071, 31072, 31075, 31076, 31077, 31078, 31079, 31081, 31083, 31084, 31088, 31091, 31092, 31093, 31097, 31098, 31201, 31204, 31206, 31207, 31210, 31211, 31213, 31216, 31217, 31220, 31501, 31503, 31510, 31512, 31513, 31516, 31518, 31519, 31532, 31533, 31535, 31537, 31539, 31542, 31543, 31544, 31547, 31548, 31549, 31550, 31551, 31552, 31553, 31554, 31556, 31557, 31558, 31560, 31562, 31565, 31566, 31567, 31568, 31569, 31601, 31602, 31605, 31606, 31620, 31622, 31623, 31624, 31625, 31626, 31627, 31629, 31630, 31631, 31632, 31634, 31635, 31636, 31637, 31638, 31639, 31641, 31642, 31643, 31645, 31647, 31648, 31649, 31650, 31698, 31699, 31701, 31705, 31707, 31709, 31711, 31712, 31714, 31716, 31719, 31720, 31721, 31722, 31730, 31733, 31735, 31738, 31743, 31744, 31747, 31749, 31750, 31756, 31757, 31763, 31764, 31765, 31768, 31771, 31772, 31773, 31774, 31775, 31778, 31779, 31780, 31781, 31783, 31784, 31787, 31788, 31789, 31790, 31791, 31792, 31793, 31794, 31795, 31796, 31798, 31801, 31803, 31804, 31805, 31806, 31807, 31808, 31810, 31811, 31812, 31814, 31815, 31816, 31820, 31821, 31822, 31823, 31824, 31825, 31826, 31827, 31829, 31830, 31831, 31832, 31833, 31836, 31901, 31903, 31904, 31905, 31906, 31907, 31909, 32003, 32008, 32009, 32011, 32024, 32025, 32026, 32033, 32034, 32038, 32040, 32043, 32044, 32046, 32052, 32053, 32054, 32055, 32058, 32059, 32060, 32061, 32062, 32063, 32064, 32065, 32066, 32068, 32071, 32072, 32073, 32079, 32080, 32081, 32082, 32083, 32084, 32086, 32087, 32091, 32092, 32094, 32095, 32096, 32097, 32112, 32113, 32131, 32133, 32134, 32139, 32140, 32145, 32147, 32148, 32157, 32159, 32162, 32177, 32179, 32181, 32187, 32189, 32190, 32193, 32195, 32202, 32204, 32205, 32206, 32207, 32208, 32209, 32210, 32211, 32212, 32216, 32217, 32218, 32219, 32220, 32221, 32222, 32223, 32224, 32225, 32226, 32227, 32228, 32233, 32234, 32244, 32246, 32250, 32254, 32256, 32257, 32258, 32259, 32266, 32277, 32301, 32303, 32304, 32305, 32308, 32309, 32310, 32311, 32312, 32317, 32320, 32321, 32322, 32323, 32324, 32327, 32328, 32330, 32331, 32332, 32333, 32334, 32336, 32340, 32343, 32344, 32346, 32347, 32348, 32350, 32351, 32352, 32355, 32356, 32358, 32359, 32361, 32399, 32401, 32403, 32404, 32405, 32407, 32408, 32409, 32410, 32413, 32420, 32421, 32423, 32424, 32425, 32426, 32427, 32428, 32430, 32431, 32432, 32433, 32435, 32437, 32438, 32439, 32440, 32442, 32443, 32444, 32445, 32446, 32447, 32448, 32449, 32455, 32456, 32459, 32460, 32461, 32462, 32463, 32464, 32465, 32466, 32501, 32502, 32503, 32504, 32505, 32506, 32507, 32508, 32509, 32511, 32514, 32526, 32530, 32531, 32533, 32534, 32535, 32536, 32539, 32541, 32542, 32544, 32547, 32548, 32550, 32561, 32563, 32564, 32565, 32566, 32567, 32568, 32569, 32570, 32571, 32577, 32578, 32579, 32580, 32583, 32601, 32603, 32605, 32606, 32607, 32608, 32609, 32612, 32615, 32616, 32617, 32618, 32619, 32621, 32622, 32625, 32626, 32628, 32631, 32639, 32640, 32641, 32643, 32648, 32653, 32656, 32658, 32664, 32666, 32667, 32668, 32669, 32680, 32681, 32683, 32686, 32692, 32693, 32694, 32696, 32697, 33513, 33521, 33538, 34420, 34428, 34429, 34431, 34432, 34433, 34434, 34436, 34442, 34445, 34446, 34448, 34449, 34450, 34452, 34453, 34461, 34465, 34470, 34471, 34472, 34473, 34474, 34475, 34476, 34479, 34480, 34481, 34482, 34484, 34488, 34491, 34498, 34601, 34604, 34606, 34607, 34608, 34609, 34610, 34613, 34614, 34652, 34653, 34654, 34655, 34661, 34667, 34668, 34669, 34679, 34681, 34683, 34688, 34689, 34690, 34691, 34785, 35004, 35005, 35006, 35007, 35010, 35013, 35014, 35020, 35022, 35023, 35031, 35032, 35034, 35035, 35036, 35040, 35042, 35043, 35044, 35045, 35046, 35049, 35051, 35052, 35054, 35060, 35061, 35062, 35064, 35068, 35070, 35071, 35072, 35073, 35074, 35078, 35079, 35080, 35082, 35083, 35085, 35089, 35091, 35094, 35096, 35097, 35111, 35112, 35114, 35115, 35116, 35117, 35118, 35119, 35120, 35121, 35124, 35125, 35126, 35127, 35128, 35130, 35131, 35133, 35135, 35136, 35139, 35143, 35146, 35147, 35148, 35149, 35150, 35151, 35160, 35171, 35172, 35173, 35176, 35178, 35180, 35183, 35184, 35186, 35187, 35188, 35203, 35204, 35205, 35206, 35207, 35208, 35209, 35210, 35211, 35212, 35213, 35214, 35215, 35216, 35217, 35218, 35221, 35222, 35223, 35224, 35226, 35228, 35229, 35233, 35234, 35235, 35242, 35243, 35244, 35254, 35401, 35404, 35405, 35406, 35441, 35443, 35444, 35453, 35456, 35463, 35469, 35470, 35474, 35490, 35740, 35744, 35747, 35752, 35755, 35765, 35769, 35771, 35772, 35901, 35903, 35904, 35905, 35906, 35907, 35950, 35951, 35952, 35953, 35954, 35956, 35957, 35958, 35959, 35960, 35961, 35962, 35963, 35966, 35967, 35968, 35971, 35972, 35973, 35974, 35975, 35976, 35978, 35979, 35980, 35981, 35983, 35984, 35986, 35987, 35988, 35989, 35990, 36003, 36005, 36006, 36009, 36010, 36013, 36016, 36017, 36020, 36022, 36024, 36025, 36026, 36027, 36028, 36029, 36030, 36031, 36032, 36033, 36034, 36035, 36036, 36037, 36038, 36039, 36040, 36041, 36042, 36043, 36046, 36047, 36048, 36049, 36051, 36052, 36053, 36054, 36064, 36066, 36067, 36069, 36071, 36075, 36078, 36079, 36080, 36081, 36082, 36083, 36088, 36089, 36091, 36092, 36093, 36104, 36105, 36106, 36107, 36108, 36109, 36110, 36111, 36112, 36113, 36115, 36116, 36117, 36201, 36203, 36205, 36206, 36207, 36250, 36251, 36255, 36256, 36258, 36260, 36262, 36263, 36264, 36265, 36266, 36267, 36268, 36269, 36271, 36272, 36273, 36274, 36276, 36277, 36278, 36279, 36280, 36301, 36303, 36305, 36310, 36311, 36312, 36313, 36314, 36316, 36317, 36318, 36319, 36320, 36321, 36322, 36323, 36330, 36340, 36343, 36344, 36345, 36346, 36350, 36351, 36352, 36353, 36360, 36362, 36370, 36371, 36373, 36374, 36375, 36376, 36401, 36420, 36421, 36425, 36426, 36432, 36435, 36436, 36439, 36441, 36442, 36444, 36445, 36446, 36451, 36453, 36454, 36455, 36456, 36460, 36467, 36470, 36471, 36473, 36474, 36475, 36476, 36477, 36480, 36481, 36482, 36483, 36502, 36505, 36507, 36509, 36511, 36512, 36513, 36518, 36521, 36522, 36523, 36524, 36525, 36526, 36527, 36528, 36529, 36530, 36532, 36535, 36538, 36539, 36540, 36541, 36542, 36543, 36544, 36545, 36548, 36549, 36550, 36551, 36553, 36555, 36556, 36558, 36559, 36560, 36561, 36562, 36564, 36567, 36568, 36569, 36571, 36572, 36574, 36575, 36576, 36578, 36579, 36580, 36581, 36582, 36583, 36584, 36585, 36587, 36590, 36602, 36603, 36604, 36605, 36606, 36607, 36608, 36609, 36610, 36611, 36612, 36613, 36615, 36616, 36617, 36618, 36619, 36688, 36693, 36695, 36701, 36703, 36720, 36722, 36723, 36726, 36727, 36728, 36732, 36736, 36738, 36740, 36742, 36744, 36748, 36749, 36750, 36751, 36752, 36753, 36754, 36756, 36758, 36759, 36761, 36763, 36765, 36766, 36767, 36768, 36769, 36773, 36775, 36776, 36782, 36783, 36784, 36785, 36786, 36790, 36792, 36793, 36801, 36804, 36830, 36832, 36849, 36850, 36852, 36853, 36854, 36855, 36856, 36858, 36859, 36860, 36861, 36862, 36863, 36865, 36866, 36867, 36869, 36870, 36871, 36874, 36875, 36877, 36879, 36901, 36904, 36907, 36908, 36910, 36912, 36913, 36915, 36916, 36919, 36921, 36922, 36925, 37347, 39322, 39355, 39360, 39362, 39367, 39401, 39402, 39406, 39423, 39425, 39426, 39437, 39443, 39451, 39452, 39455, 39456, 39459, 39461, 39462, 39464, 39465, 39466, 39470, 39475, 39476, 39501, 39503, 39507, 39520, 39525, 39530, 39531, 39532, 39534, 39540, 39553, 39556, 39560, 39561, 39562, 39563, 39564, 39565, 39567, 39571, 39572, 39573, 39574, 39576, 39577, 39581, 39813, 39815, 39817, 39819, 39823, 39824, 39825, 39826, 39827, 39828, 39834, 39836, 39837, 39840, 39841, 39842, 39845, 39846, 39851, 39854, 39859, 39861, 39862, 39866, 39867, 39870, 39877, 39885, 39886, 39897, 70001, 70002, 70003, 70005, 70006, 70031, 70032, 70036, 70037, 70038, 70040, 70041, 70043, 70047, 70050, 70053, 70056, 70057, 70058, 70062, 70065, 70067, 70068, 70070, 70072, 70075, 70079, 70082, 70083, 70084, 70085, 70087, 70091, 70092, 70094, 70112, 70113, 70114, 70115, 70116, 70117, 70118, 70119, 70121, 70122, 70123, 70124, 70125, 70126, 70127, 70128, 70129, 70130, 70131, 70139, 70163, 70420, 70426, 70427, 70431, 70433, 70435, 70445, 70447, 70448, 70452, 70454, 70458, 70460, 70461, 70463, 70464, 70471]",375000,25100000000.0,1343,15270632,56496681,223668314,325333,0,1,0,0
14,14,HURRICANE SANDY,hurricane,3.0,"[8001, 8002, 8003, 8004, 8007, 8009, 8012, 8014, 8020, 8021, 8023, 8026, 8027, 8028, 8029, 8030, 8031, 8033, 8034, 8035, 8037, 8038, 8039, 8043, 8045, 8049, 8051, 8056, 8059, 8061, 8062, 8063, 8066, 8067, 8069, 8070, 8071, 8072, 8074, 8078, 8079, 8080, 8081, 8083, 8084, 8085, 8086, 8089, 8090, 8091, 8093, 8094, 8095, 8096, 8097, 8098, 8102, 8103, 8104, 8105, 8106, 8107, 8108, 8109, 8110, 8201, 8202, 8204, 8210, 8212, 8217, 8221, 8223, 8225, 8226, 8230, 8232, 8234, 8242, 8243, 8244, 8246, 8247, 8248, 8251, 8260, 8270, 8302, 8310, 8311, 8312, 8314, 8316, 8317, 8318, 8319, 8320, 8321, 8322, 8323, 8324, 8326, 8327, 8328, 8329, 8330, 8332, 8340, 8341, 8343, 8344, 8345, 8346, 8348, 8349, 8350, 8352, 8353, 8360, 8361, 8401, 8402, 8403, 8406, 15510, 15521, 15522, 15530, 15532, 15533, 15534, 15535, 15536, 15537, 15538, 15539, 15542, 15545, 15550, 15552, 15554, 15558, 15559, 15560, 15562, 15564, 15924, 15926, 15946, 15963, 16601, 16602, 16611, 16617, 16621, 16622, 16623, 16625, 16631, 16633, 16634, 16635, 16637, 16638, 16647, 16648, 16650, 16652, 16655, 16657, 16659, 16662, 16664, 16665, 16667, 16669, 16670, 16672, 16673, 16674, 16678, 16679, 16682, 16683, 16685, 16686, 16689, 16691, 16693, 16694, 16695, 16699, 16801, 16802, 16803, 16820, 16822, 16823, 16826, 16827, 16828, 16829, 16832, 16835, 16841, 16844, 16848, 16851, 16852, 16853, 16854, 16865, 16868, 16870, 16872, 16874, 16875, 16877, 16882, 16911, 16912, 16917, 16930, 16932, 16933, 16938, 16939, 17002, 17003, 17004, 17005, 17006, 17007, 17009, 17010, 17011, 17013, 17015, 17016, 17017, 17018, 17019, 17020, 17021, 17022, 17023, 17024, 17025, 17026, 17027, 17028, 17029, 17030, 17032, 17033, 17034, 17035, 17036, 17037, 17038, 17039, 17040, 17041, 17042, 17043, 17044, 17045, 17046, 17047, 17048, 17049, 17050, 17051, 17052, 17053, 17055, 17056, 17057, 17058, 17059, 17060, 17061, 17062, 17063, 17064, 17065, 17066, 17067, 17068, 17069, 17070, 17071, 17072, 17073, 17074, 17075, 17076, 17077, 17078, 17080, 17081, 17082, 17083, 17084, 17086, 17087, 17088, 17090, 17093, 17094, 17097, 17098, 17099, 17101, 17102, 17103, 17104, 17109, 17110, 17111, 17112, 17113, 17120, 17201, 17202, 17210, 17211, 17212, 17213, 17214, 17215, 17217, 17219, 17220, 17221, 17222, 17223, 17224, 17225, 17228, 17229, 17233, 17235, 17236, 17237, 17238, 17239, 17240, 17241, 17243, 17244, 17246, 17247, 17249, 17250, 17251, 17252, 17253, 17254, 17255, 17256, 17257, 17260, 17261, 17262, 17263, 17264, 17265, 17266, 17267, 17268, 17271, 17272, 17301, 17302, 17304, 17306, 17307, 17309, 17311, 17313, 17314, 17315, 17316, 17317, 17318, 17319, 17320, 17321, 17322, 17324, 17325, 17327, 17329, 17331, 17339, 17340, 17343, 17344, 17345, 17347, 17349, 17350, 17352, 17353, 17355, 17356, 17360, 17361, 17362, 17363, 17364, 17365, 17366, 17368, 17370, 17371, 17372, 17401, 17402, 17403, 17404, 17406, 17407, 17408, 17501, 17502, 17505, 17507, 17508, 17509, 17512, 17516, 17517, 17518, 17519, 17520, 17522, 17527, 17529, 17532, 17535, 17536, 17538, 17540, 17543, 17545, 17547, 17550, 17551, 17552, 17554, 17555, 17557, 17560, 17562, 17563, 17565, 17566, 17569, 17570, 17572, 17576, 17578, 17579, 17581, 17582, 17584, 17601, 17602, 17603, 17606, 17701, 17702, 17721, 17723, 17724, 17728, 17730, 17731, 17737, 17739, 17740, 17742, 17744, 17745, 17747, 17748, 17749, 17750, 17751, 17752, 17754, 17756, 17758, 17762, 17763, 17765, 17768, 17771, 17772, 17774, 17776, 17777, 17779, 17801, 17810, 17812, 17813, 17814, 17815, 17820, 17821, 17822, 17823, 17824, 17827, 17829, 17830, 17832, 17834, 17835, 17836, 17837, 17840, 17841, 17842, 17844, 17845, 17846, 17847, 17850, 17851, 17853, 17855, 17856, 17857, 17859, 17860, 17861, 17862, 17864, 17865, 17866, 17867, 17868, 17870, 17872, 17876, 17878, 17880, 17881, 17884, 17885, 17886, 17887, 17888, 17889, 17901, 17920, 17921, 17922, 17923, 17925, 17929, 17930, 17931, 17933, 17934, 17935, 17936, 17938, 17941, 17943, 17944, 17945, 17946, 17948, 17949, 17951, 17952, 17953, 17954, 17957, 17959, 17960, 17961, 17963, 17964, 17965, 17967, 17968, 17970, 17972, 17974, 17976, 17978, 17979, 17980, 17981, 17982, 17983, 17985, 18011, 18031, 18041, 18051, 18054, 18056, 18062, 18066, 18070, 18073, 18074, 18076, 18202, 18211, 18214, 18218, 18219, 18220, 18231, 18237, 18241, 18242, 18245, 18246, 18248, 18249, 18251, 18252, 18256, 18603, 18616, 18619, 18622, 18626, 18631, 18635, 19003, 19004, 19008, 19010, 19013, 19014, 19015, 19017, 19018, 19022, 19023, 19026, 19029, 19031, 19032, 19033, 19034, 19035, 19036, 19038, 19041, 19043, 19050, 19060, 19061, 19063, 19064, 19066, 19070, 19072, 19073, 19074, 19075, 19076, 19078, 19079, 19081, 19082, 19083, 19085, 19086, 19087, 19094, 19095, 19096, 19102, 19103, 19104, 19106, 19107, 19109, 19112, 19113, 19118, 19119, 19120, 19121, 19122, 19123, 19124, 19125, 19126, 19127, 19128, 19129, 19130, 19131, 19132, 19133, 19134, 19137, 19138, 19139, 19140, 19141, 19142, 19143, 19144, 19145, 19146, 19147, 19148, 19150, 19151, 19153, 19301, 19310, 19311, 19312, 19316, 19317, 19319, 19320, 19330, 19333, 19335, 19341, 19342, 19343, 19344, 19345, 19348, 19350, 19352, 19355, 19358, 19362, 19363, 19365, 19367, 19372, 19373, 19374, 19375, 19380, 19382, 19383, 19390, 19401, 19403, 19405, 19406, 19422, 19425, 19426, 19428, 19435, 19437, 19438, 19442, 19444, 19446, 19453, 19456, 19457, 19460, 19462, 19464, 19465, 19468, 19472, 19473, 19474, 19475, 19492, 19501, 19503, 19504, 19505, 19506, 19507, 19508, 19510, 19511, 19512, 19518, 19519, 19520, 19522, 19523, 19525, 19526, 19529, 19530, 19533, 19534, 19535, 19536, 19538, 19539, 19540, 19541, 19543, 19544, 19545, 19547, 19549, 19550, 19551, 19554, 19555, 19559, 19560, 19562, 19564, 19565, 19567, 19601, 19602, 19604, 19605, 19606, 19607, 19608, 19609, 19610, 19611, 19701, 19702, 19703, 19706, 19707, 19709, 19710, 19711, 19713, 19716, 19717, 19720, 19730, 19731, 19732, 19733, 19734, 19735, 19736, 19801, 19802, 19803, 19804, 19805, 19806, 19807, 19808, 19809, 19810, 19901, 19902, 19904, 19930, 19931, 19933, 19934, 19936, 19938, 19939, 19940, 19941, 19943, 19944, 19945, 19946, 19947, 19950, 19951, 19952, 19953, 19954, 19955, 19956, 19958, 19960, 19962, 19963, 19964, 19966, 19967, 19968, 19970, 19971, 19973, 19975, 19977, 19979, 20001, 20002, 20003, 20004, 20005, 20006, 20007, 20008, 20009, 20010, 20011, 20012, 20015, 20016, 20017, 20018, 20019, 20020, 20024, 20032, 20036, 20037, 20045, 20052, 20053, 20057, 20064, 20105, 20106, 20109, 20110, 20111, 20112, 20115, 20117, 20118, 20119, 20120, 20121, 20124, 20129, 20130, 20132, 20135, 20136, 20137, 20139, 20141, 20143, 20144, 20147, 20148, 20151, 20152, 20155, 20158, 20164, 20165, 20166, 20169, 20170, 20171, 20175, 20176, 20180, 20181, 20184, 20186, 20187, 20190, 20191, 20194, 20197, 20198, 20202, 20204, 20228, 20230, 20240, 20245, 20260, 20317, 20319, 20373, 20390, 20405, 20418, 20427, 20506, 20510, 20520, 20535, 20540, 20551, 20553, 20560, 20565, 20566, 20593, 20601, 20602, 20603, 20606, 20607, 20608, 20609, 20611, 20612, 20613, 20615, 20616, 20617, 20618, 20619, 20620, 20621, 20622, 20623, 20624, 20625, 20626, 20628, 20629, 20630, 20632, 20634, 20636, 20637, 20639, 20640, 20645, 20646, 20650, 20653, 20657, 20658, 20659, 20660, 20662, 20664, 20667, 20670, 20674, 20675, 20676, 20677, 20678, 20680, 20684, 20685, 20686, 20687, 20688, 20689, 20690, 20692, 20693, 20695, 20701, 20705, 20706, 20707, 20708, 20710, 20711, 20712, 20714, 20715, 20716, 20720, 20721, 20722, 20723, 20724, 20732, 20733, 20735, 20736, 20737, 20740, 20742, 20743, 20744, 20745, 20746, 20747, 20748, 20751, 20754, 20755, 20758, 20759, 20762, 20763, 20764, 20765, 20769, 20770, 20772, 20774, 20776, 20777, 20778, 20779, 20781, 20782, 20783, 20784, 20785, 20794, 20812, 20814, 20815, 20816, 20817, 20818, 20832, 20833, 20837, 20838, 20839, 20841, 20842, 20850, 20851, 20852, 20853, 20854, 20855, 20860, 20861, 20862, 20866, 20868, 20871, 20872, 20874, 20876, 20877, 20878, 20879, 20880, 20882, 20886, 20895, 20896, 20899, 20901, 20902, 20903, 20904, 20905, 20906, 20910, 20912, 21001, 21005, 21009, 21010, 21012, 21013, 21014, 21015, 21017, 21028, 21029, 21030, 21031, 21032, 21034, 21035, 21036, 21037, 21040, 21042, 21043, 21044, 21045, 21046, 21047, 21048, 21050, 21051, 21052, 21053, 21054, 21056, 21057, 21060, 21061, 21071, 21074, 21075, 21076, 21077, 21078, 21082, 21084, 21085, 21087, 21090, 21093, 21102, 21104, 21105, 21108, 21111, 21113, 21114, 21117, 21120, 21122, 21128, 21130, 21131, 21132, 21133, 21136, 21140, 21144, 21146, 21152, 21153, 21154, 21155, 21156, 21157, 21158, 21160, 21161, 21162, 21163, 21201, 21202, 21204, 21205, 21206, 21207, 21208, 21209, 21210, 21211, 21212, 21213, 21214, 21215, 21216, 21217, 21218, 21219, 21220, 21221, 21222, 21223, 21224, 21225, 21226, 21227, 21228, 21229, 21230, 21231, 21234, 21236, 21237, 21239, 21240, 21244, 21250, 21251, 21252, 21286, 21401, 21402, 21403, 21405, 21409, 21502, 21520, 21521, 21522, 21523, 21524, 21529, 21530, 21532, 21536, 21538, 21539, 21540, 21541, 21542, 21543, 21545, 21550, 21555, 21557, 21561, 21562, 21601, 21607, 21610, 21612, 21613, 21617, 21619, 21620, 21622, 21623, 21624, 21625, 21626, 21627, 21628, 21629, 21631, 21632, 21634, 21635, 21636, 21638, 21639, 21640, 21641, 21643, 21644, 21645, 21647, 21648, 21649, 21650, 21651, 21652, 21653, 21654, 21655, 21657, 21658, 21659, 21660, 21661, 21662, 21663, 21664, 21665, 21666, 21667, 21668, 21669, 21671, 21672, 21673, 21675, 21676, 21677, 21678, 21679, 21701, 21702, 21703, 21704, 21705, 21710, 21711, 21713, 21714, 21716, 21717, 21718, 21719, 21722, 21723, 21727, 21733, 21734, 21737, 21738, 21740, 21742, 21746, 21750, 21754, 21755, 21756, 21757, 21758, 21762, 21766, 21767, 21769, 21770, 21771, 21773, 21774, 21776, 21777, 21778, 21779, 21780, 21781, 21782, 21783, 21784, 21787, 21788, 21790, 21791, 21793, 21794, 21795, 21797, 21798, 21801, 21802, 21804, 21810, 21811, 21813, 21814, 21817, 21821, 21822, 21824, 21826, 21829, 21830, 21835, 21837, 21838, 21840, 21841, 21842, 21849, 21850, 21851, 21853, 21856, 21861, 21862, 21863, 21864, 21865, 21866, 21867, 21869, 21871, 21872, 21874, 21875, 21890, 21901, 21902, 21903, 21904, 21911, 21912, 21913, 21914, 21915, 21916, 21917, 21918, 21919, 21920, 21921, 21930, 22003, 22015, 22025, 22026, 22027, 22030, 22031, 22032, 22033, 22035, 22039, 22041, 22042, 22043, 22044, 22046, 22060, 22066, 22079, 22101, 22102, 22124, 22125, 22134, 22150, 22151, 22152, 22153, 22172, 22180, 22181, 22182, 22185, 22191, 22192, 22193, 22201, 22202, 22203, 22204, 22205, 22206, 22207, 22209, 22211, 22213, 22214, 22301, 22302, 22303, 22304, 22305, 22306, 22307, 22308, 22309, 22310, 22311, 22312, 22314, 22315, 22401, 22405, 22406, 22407, 22408, 22427, 22432, 22433, 22435, 22436, 22437, 22438, 22443, 22448, 22454, 22460, 22469, 22473, 22476, 22480, 22482, 22485, 22488, 22503, 22504, 22508, 22509, 22511, 22514, 22520, 22529, 22530, 22534, 22535, 22538, 22539, 22542, 22546, 22548, 22551, 22553, 22554, 22556, 22560, 22567, 22572, 22576, 22578, 22579, 22580, 22601, 22602, 22603, 22610, 22611, 22620, 22623, 22624, 22625, 22627, 22630, 22637, 22639, 22640, 22641, 22642, 22643, 22644, 22645, 22646, 22650, 22652, 22654, 22655, 22656, 22657, 22660, 22663, 22664, 22701, 22709, 22711, 22712, 22713, 22714, 22715, 22716, 22718, 22719, 22720, 22722, 22723, 22724, 22726, 22727, 22728, 22729, 22730, 22731, 22732, 22733, 22734, 22735, 22736, 22737, 22738, 22740, 22741, 22742, 22743, 22747, 22749, 22801, 22802, 22807, 22810, 22811, 22812, 22815, 22820, 22821, 22824, 22827, 22830, 22831, 22832, 22834, 22835, 22840, 22841, 22842, 22843, 22844, 22845, 22846, 22847, 22849, 22850, 22851, 22853, 22901, 22902, 22903, 22904, 22911, 22920, 22923, 22931, 22932, 22935, 22936, 22937, 22938, 22939, 22940, 22942, 22943, 22946, 22947, 22948, 22952, 22958, 22959, 22960, 22963, 22968, 22969, 22972, 22973, 22974, 22980, 22989, 23002, 23004, 23005, 23009, 23011, 23015, 23021, 23022, 23023, 23024, 23025, 23027, 23030, 23032, 23035, 23038, 23039, 23040, 23043, 23045, 23047, 23050, 23055, 23056, 23059, 23060, 23061, 23062, 23063, 23064, 23065, 23066, 23068, 23069, 23070, 23071, 23072, 23075, 23076, 23079, 23083, 23084, 23085, 23086, 23089, 23091, 23092, 23093, 23102, 23103, 23106, 23108, 23109, 23110, 23111, 23112, 23113, 23114, 23115, 23116, 23117, 23119, 23120, 23123, 23124, 23125, 23126, 23128, 23129, 23130, 23138, 23139, 23140, 23141, 23146, 23148, 23149, 23150, 23153, 23156, 23160, 23161, 23163, 23168, 23169, 23173, 23175, 23176, 23177, 23180, 23181, 23185, 23187, 23188, 23192, 23219, 23220, 23221, 23222, 23223, 23224, 23225, 23226, 23227, 23228, 23229, 23230, 23231, 23233, 23234, 23235, 23236, 23237, 23238, 23250, 23294, 23301, 23302, 23303, 23304, 23306, 23307, 23308, 23310, 23313, 23314, 23315, 23316, 23321, 23323, 23324, 23325, 23336, 23337, 23347, 23350, 23354, 23356, 23357, 23358, 23359, 23389, 23395, 23398, 23401, 23405, 23407, 23408, 23409, 23410, 23413, 23414, 23415, 23416, 23417, 23418, 23420, 23421, 23422, 23423, 23426, 23427, 23430, 23432, 23433, 23434, 23435, 23436, 23437, 23438, 23440, 23441, 23442, 23455, 23480, 23486, 23487, 23488, 23502, 23503, 23504, 23505, 23507, 23508, 23509, 23510, 23511, 23513, 23517, 23518, 23523, 23551, 23601, 23602, 23603, 23604, 23605, 23606, 23607, 23608, 23651, 23661, 23662, 23663, 23664, 23665, 23666, 23669, 23690, 23691, 23692, 23693, 23696, 23701, 23702, 23703, 23704, 23707, 23708, 23709, 23801, 23803, 23805, 23806, 23821, 23824, 23827, 23828, 23829, 23830, 23831, 23832, 23833, 23834, 23836, 23837, 23838, 23839, 23840, 23841, 23842, 23843, 23844, 23846, 23847, 23850, 23851, 23856, 23860, 23866, 23867, 23872, 23874, 23875, 23876, 23878, 23879, 23881, 23882, 23883, 23884, 23885, 23888, 23889, 23890, 23891, 23894, 23897, 23898, 23899, 23921, 23922, 23930, 23936, 23966, 24401, 24421, 24431, 24433, 24437, 24441, 24467, 24471, 24477, 24482, 24486, 24562, 24590, 25401, 25403, 25404, 25405, 25411, 25413, 25414, 25419, 25420, 25422, 25425, 25427, 25428, 25430, 25431, 25432, 25434, 25437, 25438, 25442, 25443, 25444, 25446, 26241, 26250, 26254, 26260, 26263, 26268, 26269, 26270, 26271, 26275, 26276, 26283, 26285, 26287, 26292, 26296, 26704, 26705, 26707, 26710, 26711, 26714, 26716, 26717, 26719, 26720, 26722, 26726, 26731, 26739, 26743, 26750, 26753, 26755, 26757, 26761, 26763, 26764, 26767, 26801, 26802, 26804, 26807, 26808, 26810, 26812, 26814, 26815, 26817, 26818, 26823, 26833, 26836, 26845, 26847, 26851, 26852, 26855, 26865, 26866, 26884, 27805, 27818, 27820, 27847, 27853, 27855, 27862, 27866, 27869, 27876, 27897, 27910, 27922, 27924, 27926, 27935, 27937, 27938, 27942, 27967, 27986]",25000,65000000000.0,2095,21968158,136101947,481332888,517184,0,1,0,0
15,15,HURRICANE FLORENCE,hurricane,4.0,"[22534, 23002, 23005, 23015, 23022, 23024, 23027, 23030, 23038, 23039, 23040, 23047, 23055, 23059, 23060, 23063, 23065, 23075, 23083, 23084, 23102, 23103, 23111, 23112, 23113, 23114, 23116, 23117, 23120, 23123, 23129, 23139, 23140, 23141, 23146, 23150, 23153, 23160, 23173, 23192, 23219, 23220, 23221, 23222, 23223, 23224, 23225, 23226, 23227, 23228, 23229, 23230, 23231, 23233, 23234, 23235, 23236, 23237, 23238, 23250, 23294, 23304, 23314, 23315, 23321, 23322, 23323, 23430, 23432, 23433, 23434, 23435, 23436, 23437, 23438, 23487, 23801, 23803, 23805, 23806, 23821, 23824, 23827, 23828, 23829, 23830, 23831, 23832, 23833, 23834, 23836, 23837, 23838, 23839, 23840, 23841, 23842, 23843, 23844, 23845, 23846, 23847, 23850, 23851, 23856, 23857, 23860, 23866, 23867, 23868, 23872, 23874, 23875, 23876, 23878, 23879, 23881, 23882, 23883, 23884, 23885, 23887, 23888, 23889, 23890, 23891, 23893, 23894, 23897, 23898, 23899, 23901, 23909, 23915, 23917, 23919, 23920, 23922, 23923, 23924, 23927, 23930, 23934, 23936, 23937, 23938, 23942, 23943, 23944, 23947, 23950, 23952, 23954, 23958, 23959, 23960, 23962, 23963, 23964, 23966, 23967, 23968, 23970, 23974, 23976, 24520, 24528, 24529, 24534, 24539, 24558, 24566, 24577, 24580, 24586, 24589, 24592, 24594, 24597, 24598, 27201, 27203, 27205, 27207, 27208, 27209, 27212, 27214, 27215, 27217, 27229, 27231, 27233, 27239, 27242, 27243, 27244, 27248, 27249, 27252, 27253, 27258, 27260, 27262, 27263, 27278, 27281, 27282, 27283, 27291, 27292, 27298, 27301, 27302, 27305, 27306, 27311, 27312, 27313, 27314, 27315, 27316, 27317, 27320, 27325, 27326, 27330, 27332, 27340, 27341, 27343, 27344, 27349, 27350, 27355, 27356, 27360, 27370, 27371, 27376, 27377, 27379, 27401, 27403, 27405, 27406, 27407, 27408, 27410, 27455, 27501, 27502, 27503, 27504, 27505, 27507, 27508, 27509, 27510, 27511, 27513, 27514, 27516, 27517, 27518, 27519, 27520, 27521, 27522, 27523, 27524, 27525, 27526, 27527, 27529, 27530, 27531, 27534, 27536, 27537, 27539, 27540, 27541, 27542, 27544, 27545, 27546, 27549, 27551, 27553, 27555, 27556, 27557, 27559, 27560, 27562, 27563, 27565, 27568, 27569, 27571, 27572, 27573, 27574, 27576, 27577, 27581, 27582, 27583, 27587, 27589, 27591, 27592, 27596, 27597, 27601, 27603, 27604, 27605, 27606, 27607, 27608, 27609, 27610, 27612, 27613, 27614, 27615, 27616, 27617, 27701, 27703, 27704, 27705, 27707, 27709, 27712, 27713, 27801, 27803, 27804, 27805, 27806, 27807, 27808, 27809, 27810, 27812, 27813, 27814, 27816, 27817, 27818, 27819, 27820, 27821, 27822, 27823, 27824, 27825, 27826, 27827, 27828, 27829, 27830, 27831, 27832, 27834, 27837, 27839, 27840, 27841, 27842, 27843, 27844, 27845, 27846, 27847, 27849, 27850, 27851, 27852, 27853, 27855, 27856, 27857, 27858, 27860, 27861, 27862, 27863, 27864, 27865, 27866, 27869, 27870, 27871, 27872, 27873, 27874, 27875, 27876, 27878, 27879, 27880, 27881, 27882, 27883, 27884, 27885, 27886, 27888, 27889, 27890, 27891, 27892, 27893, 27896, 27897, 27909, 27910, 27915, 27916, 27917, 27919, 27920, 27921, 27922, 27924, 27925, 27926, 27928, 27929, 27932, 27935, 27936, 27937, 27938, 27939, 27941, 27942, 27943, 27944, 27946, 27947, 27948, 27949, 27953, 27954, 27956, 27957, 27958, 27959, 27960, 27962, 27964, 27965, 27966, 27967, 27968, 27970, 27972, 27973, 27974, 27976, 27978, 27979, 27980, 27981, 27982, 27983, 27985, 27986, 28001, 28007, 28009, 28025, 28071, 28075, 28079, 28091, 28097, 28102, 28103, 28104, 28105, 28107, 28108, 28109, 28110, 28112, 28119, 28124, 28127, 28128, 28129, 28133, 28134, 28135, 28137, 28138, 28146, 28163, 28170, 28173, 28174, 28205, 28210, 28211, 28212, 28215, 28226, 28227, 28270, 28277, 28301, 28303, 28304, 28305, 28306, 28307, 28308, 28310, 28311, 28312, 28314, 28315, 28318, 28320, 28323, 28325, 28326, 28327, 28328, 28330, 28332, 28333, 28334, 28337, 28338, 28339, 28340, 28341, 28342, 28343, 28344, 28345, 28347, 28348, 28349, 28350, 28351, 28352, 28356, 28357, 28358, 28360, 28363, 28364, 28365, 28366, 28367, 28369, 28371, 28372, 28373, 28374, 28375, 28376, 28377, 28379, 28382, 28383, 28384, 28385, 28386, 28387, 28390, 28391, 28392, 28393, 28394, 28395, 28396, 28398, 28399, 28401, 28403, 28405, 28409, 28411, 28412, 28420, 28421, 28422, 28423, 28424, 28425, 28428, 28429, 28430, 28431, 28432, 28433, 28434, 28435, 28436, 28438, 28439, 28441, 28442, 28443, 28444, 28445, 28447, 28448, 28449, 28450, 28451, 28452, 28453, 28454, 28455, 28456, 28457, 28458, 28460, 28461, 28462, 28463, 28464, 28465, 28466, 28467, 28468, 28469, 28470, 28472, 28478, 28479, 28480, 28501, 28504, 28508, 28510, 28511, 28512, 28513, 28515, 28516, 28518, 28519, 28520, 28521, 28523, 28524, 28525, 28526, 28527, 28528, 28529, 28530, 28531, 28532, 28533, 28537, 28538, 28539, 28540, 28543, 28544, 28546, 28547, 28551, 28552, 28553, 28554, 28555, 28556, 28557, 28560, 28562, 28570, 28571, 28572, 28573, 28574, 28575, 28577, 28578, 28579, 28580, 28581, 28582, 28583, 28584, 28585, 28586, 28587, 28589, 28590, 28594, 29001, 29009, 29010, 29014, 29015, 29016, 29018, 29020, 29030, 29032, 29033, 29036, 29039, 29040, 29044, 29045, 29046, 29047, 29048, 29051, 29052, 29053, 29054, 29055, 29056, 29058, 29059, 29061, 29062, 29063, 29065, 29067, 29069, 29070, 29072, 29073, 29074, 29075, 29078, 29079, 29080, 29101, 29102, 29104, 29108, 29111, 29112, 29114, 29115, 29117, 29118, 29122, 29123, 29125, 29126, 29127, 29128, 29130, 29133, 29135, 29142, 29145, 29147, 29148, 29150, 29152, 29153, 29154, 29160, 29161, 29162, 29163, 29168, 29169, 29170, 29172, 29175, 29180, 29201, 29202, 29203, 29204, 29205, 29206, 29207, 29208, 29209, 29210, 29212, 29223, 29225, 29229, 29401, 29403, 29404, 29405, 29406, 29407, 29409, 29410, 29412, 29414, 29418, 29420, 29423, 29424, 29429, 29431, 29434, 29435, 29436, 29437, 29439, 29440, 29445, 29448, 29450, 29451, 29453, 29455, 29456, 29458, 29461, 29464, 29466, 29468, 29469, 29470, 29471, 29472, 29477, 29479, 29482, 29483, 29485, 29487, 29492, 29501, 29505, 29506, 29510, 29511, 29512, 29516, 29518, 29519, 29520, 29525, 29526, 29527, 29530, 29532, 29536, 29540, 29541, 29543, 29544, 29545, 29546, 29547, 29550, 29554, 29555, 29556, 29560, 29563, 29564, 29565, 29566, 29567, 29568, 29569, 29570, 29571, 29572, 29574, 29575, 29576, 29577, 29579, 29580, 29581, 29582, 29583, 29584, 29585, 29588, 29590, 29591, 29592, 29593, 29594, 29596, 29704, 29706, 29707, 29709, 29712, 29714, 29715, 29718, 29720, 29724, 29727, 29728, 29729, 29730, 29733, 29741]",463674,24230000000.0,911,11195955,43584486,163144631,246347,0,1,0,0
16,16,camp fire,wildfire,4.0,"[95914, 95916, 95917, 95973, 95928, 95926, 95930, 95938, 95941, 95942, 95948, 95954, 95965, 95966, 96968, 95969, 95974, 95987]",53400.0,8400000000.0,18,232197,800314,2476894,4764,0,0,0,1
17,17,old fire,wildfire,3.0,"[92404, 92346, 92407, 92410, 92405, 92325, 92322]",5000.0,480300000.0,7,277648,318044,1384503,2244,0,0,0,1
18,18,Colorado wildfires (Black Forest fire),wildfire,3.0,"[80106, 80132, 80133, 80808, 80809, 80817, 80819, 80829, 80831, 80832, 80833, 80835, 80840, 80841, 80863, 80864, 80901, 80902, 80903, 80904, 80905, 80906, 80907, 80908, 80909, 80910, 80911, 80912, 80913, 80914, 80915, 80916, 80917, 80918, 80919, 80920, 80921, 80922, 80923, 80924, 80925, 80926, 80927, 80928, 80929, 80930, 80931, 80932, 80933, 80934, 80935, 80936, 80937, 80938, 80939, 80941, 80942, 80943, 80944, 80945, 80946, 80947, 80949, 80950, 80951, 80960, 80962, 80970, 80977, 80995, 80997, 81008, 81226]",43416.0,90000000.0,73,723563,3213114,11414542,18499,0,0,0,1
19,19,blue cut fire,wildfire,3.0,"[92345, 92397, 92358, 93545, 92407, 92392, 92019, 92020, 92021, 92022]",82000.0,18000000.0,10,387949,494123,3103437,6137,0,0,0,1
